<?xml version="1.0" encoding="UTF-8"?>
<ti:module
xmlns:android="http://schemas.android.com/apk/res/android"
xmlns:ti="http://ti.appcelerator.org">
	<android xmlns:android="http://schemas.android.com/apk/res/android">
		<manifest>
			<uses-permission android:name="android.permission.ACCESS_NETWORK_STATE"/>
			<uses-permission android:name="android.permission.GET_ACCOUNTS"/>
			<uses-permission android:name="android.permission.WAKE_LOCK"/>
			<uses-permission android:name="com.google.android.c2dm.permission.RECEIVE"/>
			<permission android:name="${tiapp.properties['id']}.permission.C2D_MESSAGE" android:protectionLevel="signature"/>
			<uses-permission android:name="${tiapp.properties['id']}.permission.C2D_MESSAGE"/>
			<application>
				<activity android:name="org.jboss.aerogear.cordova.push.PushHandlerActivity"/>
				<receiver android:name="org.jboss.aerogear.android.unifiedpush.gcm.AeroGearGCMMessageReceiver" android:permission="com.google.android.c2dm.permission.SEND">
					<intent-filter>
						<action android:name="com.google.android.c2dm.intent.RECEIVE"/>
						<category android:name="${tiapp.properties['id']}"/>
					</intent-filter>
					<meta-data android:name="DEFAULT_MESSAGE_HANDLER_KEY" android:value="org.jboss.aerogear.cordova.push.NotificationMessageHandler"/>
				</receiver>
			</application>
		</manifest>
	</android>
</ti:module>
